security_code,trade_date,close,turnover_rate,turnover_rate_f,volume_ratio,pe,pe_ttm,pb,ps,ps_ttm,dv_ratio,dv_ttm,total_share,float_share,free_share,total_mv,circ_mv,data_date
600629.SH,1996-06-11,7.0,1.8187,4.0784,1.23,29.9305,29.9305,3.9039,6.2576,6.2576,1.2422,,6063.5406,1973.4,880.0,42444.7842,13813.8,2023-08-05
000043.SZ,1996-06-11,5.41,2.4162,3.8144,0.75,15.8776,15.8776,1.6574,2.2363,2.2363,2.84,2.84,11830.0,2636.4,1670.0,64000.3,14262.924,2023-08-05
600809.SH,1996-06-11,6.37,4.2071,6.0769,1.24,54.0483,54.0483,3.6503,7.6929,7.6929,2.6446,,39611.2838,6500.0,4500.0,252323.8778,41405.0,2023-08-05
000578.SZ,1996-06-11,6.29,2.9093,3.2326,0.58,27.8259,27.8259,3.5677,2.4716,2.4716,,,5166.6355,1500.0,1350.0,32498.1373,9435.0,2023-08-05
000029.SZ,1996-06-11,6.0,3.8887,5.749,0.66,15.4686,15.4686,2.5208,5.0981,5.0981,1.3889,1.3889,101166.0,14784.0,10000.0,606996.0,88704.0,2023-08-05
600657.SH,1996-06-11,5.48,3.1666,6.3332,1.13,27.9118,27.9118,2.1729,1.3546,1.3546,2.1898,2.1898,7631.8933,3906.693,1953.3465,41822.7753,21408.6776,2023-08-05
600668.SH,1996-06-11,5.15,4.1809,13.5462,0.61,20.8684,20.8684,2.8727,2.7654,2.7654,,3.8835,14945.1686,4698.0,1450.0,76967.6183,24194.7,2023-08-05
000504.SZ,1996-06-11,2.7,1.6488,7.4784,0.78,,,1.3478,17.4003,17.4003,,,31157.3902,8618.0221,1900.0,84124.9535,23268.6597,2023-08-05
600873.SH,1996-06-11,10.7,5.9497,8.5941,2.12,41.3012,41.3012,4.6304,22.3411,22.3411,,,9490.0,3900.0,2700.0,101543.0,41730.0,2023-08-05
600671.SH,1996-06-11,5.4,2.7609,7.896,0.93,32.6309,32.6309,2.4423,6.3966,6.3966,2.849,2.849,7802.5648,3603.6,1260.0,42133.8499,19459.44,2023-08-05
000550.SZ,1996-06-11,3.21,2.4953,3.3271,0.82,287.9343,287.9343,1.7115,1.1297,1.1297,3.7383,3.7383,69321.4,11760.0,8820.0,222521.694,37749.6,2023-08-05
600625.SH,1996-06-11,7.3,0.7152,1.4263,0.81,59.1168,59.1168,3.2587,1.7005,1.7005,3.0137,,21491.0,1595.4,800.0,156884.3,11646.42,2023-08-05
600891.SH,1996-06-11,6.46,3.12,3.12,0.98,27.2371,27.2371,3.0428,1.7179,1.7179,,,10210.0,2700.0,2700.0,65956.6,17442.0,2023-08-05
000520.SZ,1996-06-11,7.44,7.9076,26.0528,0.76,15.1056,15.1056,3.1658,8.7983,8.7983,4.0323,4.0323,21705.1632,10674.6201,3240.0,161486.4142,79419.1735,2023-08-05
600647.SH,1996-06-11,7.08,1.36,,1.07,73.2345,73.2345,5.7583,5.7828,5.7828,0.9887,0.9887,5351.675,2100.0,,37889.859,14868.0,2023-08-05
600650.SH,1996-06-11,11.26,1.0504,1.5756,1.02,73.3982,73.3982,2.7907,15.8088,15.8088,1.4452,,34823.8704,2400.0,1600.0,392116.7807,27024.0,2023-08-05
000549.SZ,1996-06-11,2.7,1.7914,3.2843,1.04,32.5124,32.5124,1.4104,2.3812,2.3812,,,9724.0,5610.0,3060.0,26254.8,15147.0,2023-08-05
600702.SH,1996-06-11,12.1,3.5691,3.5691,0.37,27.8428,27.8428,6.3929,3.0744,3.0744,,,13169.0,3300.0,3300.0,159344.9,39930.0,2023-08-05
600684.SH,1996-06-11,9.54,10.9907,27.1471,1.82,18.9446,18.9446,3.195,9.0113,9.0113,5.2411,7.652,16213.4377,5557.5,2250.0,154676.1957,53018.55,2023-08-05
600819.SH,1996-06-11,10.45,2.9748,3.3148,0.91,19.3561,19.3561,3.6119,7.8807,7.8807,4.0574,,48750.0,2500.0,2243.6,509437.5,26125.0,2023-08-05
600680.SH,1996-06-11,11.7,0.8354,,0.65,32.3175,32.3175,4.0622,7.4056,7.4056,3.8462,,14659.872,1300.0,,171520.5024,15210.0,2023-08-05
000521.SZ,1996-06-11,7.28,6.2723,12.3777,0.69,11.1432,11.1432,1.9151,0.9854,0.9854,1.2488,1.2488,17206.2,5920.2,3000.0,125261.136,43099.056,2023-08-05
600899.SH,1996-06-11,6.7,3.4137,3.4137,0.97,23.4797,23.4797,5.5286,5.3002,5.3002,,,11060.0,3000.0,3000.0,74102.0,20100.0,2023-08-05
000553.SZ,1996-06-11,6.7,8.8674,20.8743,0.74,18.6204,18.6204,3.0225,1.4412,1.4412,2.8703,2.8703,13997.047,7062.198,3000.0,93780.2149,47316.7266,2023-08-05
000571.SZ,1996-06-11,8.79,7.478,25.3655,0.68,21.1235,21.1235,3.097,1.7279,1.7279,0.1803,0.1803,16960.0,6784.0,2000.0,149078.4,59631.36,2023-08-05
000569.SZ,1996-06-11,2.65,0.9152,1.2584,0.87,186.8979,186.8979,1.9584,0.9766,0.9766,6.0376,6.0376,66204.0179,12375.0,9000.0,175440.6474,32793.75,2023-08-05
600814.SH,1996-06-11,7.79,35.3357,92.0773,4.61,20.0084,20.0084,3.5123,1.2652,1.2652,5.0739,2.334,14386.086,5732.727,2200.0,112067.6099,44657.9433,2023-08-05
000035.SZ,1996-06-11,5.35,16.7077,29.865,2.02,,,2.8286,8.253,8.253,,,11588.72,2145.0,1200.0,61999.652,11475.75,2023-08-05
600838.SH,1996-06-11,8.85,2.4043,4.0071,0.87,29.3268,29.3268,2.9466,1.3488,1.3488,,,7445.0,1875.0,1125.0,65888.25,16593.75,2023-08-05
000563.SZ,1996-06-11,7.18,16.2778,19.8914,2.54,42.2023,42.2023,4.2388,3.7678,3.7678,5.571,5.571,13753.0114,5400.0,4419.0,98746.6219,38772.0,2023-08-05
600666.SH,1996-06-11,5.7,0.9335,1.4936,1.07,32.2042,32.2042,3.2291,2.5254,2.5254,3.5088,,7593.0,2752.0,1720.0,43280.1,15686.4,2023-08-05
600617.SH,1996-06-11,7.28,1.4044,31.6,1.11,58.5003,58.5003,4.283,4.8901,4.8901,1.717,,16719.48,900.0,40.0,121717.8144,6552.0,2023-08-05
600869.SH,1996-06-11,9.2,23.3673,46.7347,4.66,32.9557,32.9557,5.4654,11.7496,11.7496,,,12000.0,3000.0,1500.0,110400.0,27600.0,2023-08-05
600848.SH,1996-06-11,7.3,1.8872,2.5949,1.57,35.1966,35.1966,3.5767,1.9309,1.9309,1.2453,,28694.71,2420.0,1760.0,209471.383,17666.0,2023-08-05
000585.SZ,1996-06-11,4.48,2.7403,2.7403,0.62,23.3587,23.3587,2.4146,2.6962,2.6962,,,87337.0,3000.0,3000.0,391269.76,13440.0,2023-08-05
600661.SH,1996-06-11,7.6,1.2024,3.0917,0.86,44.1543,44.1543,2.4785,3.3268,3.3268,,,8771.5568,1542.75,600.0,66663.8317,11724.9,2023-08-05
600890.SH,1996-06-11,7.57,14.4222,14.4222,1.9,17.3366,17.3366,5.4504,1.3104,1.3104,,4.5575,14455.0,3650.0,3650.0,109424.35,27630.5,2023-08-05
600816.SH,1996-06-11,12.3,20.2246,42.9892,1.41,46.7948,46.7948,7.7484,16.5559,16.5559,0.0,,19246.0174,10500.0,4939.8,236726.014,129150.0,2023-08-05
000545.SZ,1996-06-11,2.79,2.1909,4.9693,0.56,21.762,21.762,1.2495,1.9352,1.9352,1.0337,,13563.582,6804.622,3000.0,37842.3938,18984.8954,2023-08-05
600698.SH,1996-06-11,9.31,6.0169,9.3596,0.43,19.2298,19.2298,3.4034,0.8363,0.8363,0.2302,0.2302,24864.0,7700.0,4950.0,231483.84,71687.0,2023-08-05
000028.SZ,1996-06-11,5.78,12.0835,17.7224,1.23,31.4722,31.4722,2.2343,4.5555,4.5555,0.3932,0.3932,12705.0,2420.0,1650.0,73434.9,13987.6,2023-08-05
000049.SZ,1996-06-11,4.47,1.3583,1.9286,0.48,84.8167,84.8167,1.3442,8.1917,8.1917,0.5938,0.5938,6081.296,1987.7142,1400.0,27183.3931,8885.0825,2023-08-05
600676.SH,1996-06-11,6.25,3.5517,5.3275,2.02,,,3.7239,3.7094,3.7094,,,6100.608,1200.0,800.0,38128.8,7500.0,2023-08-05
600653.SH,1996-06-11,9.36,3.189,761.16,0.85,33.7831,33.7831,3.7142,7.6828,7.6828,,,11934.0,11934.0,50.0,111702.24,111702.24,2023-08-05
600872.SH,1996-06-11,9.12,7.3044,28.4632,0.94,27.6345,27.6345,3.0556,7.0499,7.0499,,,20741.58,10910.88,2800.0,189163.2096,99507.2256,2023-08-05
600694.SH,1996-06-11,5.75,5.0,17.5,1.0,14.5011,14.5011,2.5147,0.824,0.824,4.8783,4.8783,13578.39,7000.0,2000.0,78075.7425,40250.0,2023-08-05
600695.SH,1996-06-11,11.6,4.9913,7.7864,1.04,29.8814,29.8814,5.83,2.3281,2.3281,,,51235.28,1950.0,1250.0,594329.248,22620.0,2023-08-05
000508.SZ,1996-06-11,4.43,3.0593,14.6062,0.39,5075.3207,5075.3207,1.7123,524.1691,524.1691,,,43043.4,14417.19,3019.75,190682.262,63868.1517,2023-08-05
600614.SH,1996-06-11,7.1,1.5076,19.9,1.47,65.3421,65.3421,3.316,3.0626,3.0626,0.0,,9101.4528,660.0,50.0,64620.3149,4686.0,2023-08-05
000025.SZ,1996-06-11,3.48,1.5656,2.4628,0.59,2304.3061,2304.3061,1.6487,1.8562,1.8562,1.3062,1.3062,22028.16,3429.36,2180.0,76657.9968,11934.1728,2023-08-05
000018.SZ,1996-06-11,3.92,3.029,5.1067,0.88,51.9747,51.9747,1.9623,1.5396,1.5396,1.3915,1.3915,16914.235,2023.12,1200.0,66303.8012,7930.6304,2023-08-05
000551.SZ,1996-06-11,4.56,2.8745,4.897,0.56,16.8594,16.8594,1.6119,0.4821,0.4821,2.7462,2.7462,10071.9331,4599.7199,2700.0,45928.0149,20974.7227,2023-08-05
600826.SH,1996-06-11,12.07,7.0513,7.4633,1.42,23.8377,23.8377,3.8224,0.6559,0.6559,3.314,,14163.04,3550.0,3354.0,170947.8928,42848.5,2023-08-05
600832.SH,1996-06-11,16.96,1.08,1.404,0.82,64.2506,64.2506,10.2209,18.666,18.666,0.8255,,43084.772,2600.0,2000.0,730717.7331,44096.0,2023-08-05
600645.SH,1996-06-11,11.5,1.0894,4.9025,1.03,44.2472,44.2472,4.4941,6.386,6.386,2.1739,,8140.41,1800.0,400.0,93614.715,20700.0,2023-08-05
000595.SZ,1996-06-11,5.93,2.8596,2.8596,0.57,36.8272,36.8272,4.8227,1.4024,1.4024,,,9800.0,2700.0,2700.0,58114.0,16011.0,2023-08-05
600610.SH,1996-06-11,4.47,3.3564,65.45,1.84,3760.7918,3760.7918,2.4281,4.5259,4.5259,0.0,,32462.8668,2340.0,120.0,145109.0146,10459.8,2023-08-05
600893.SH,1996-06-11,9.95,3.5139,3.5139,0.54,23.3698,23.3698,7.8934,2.7999,2.7999,,,16746.8,4400.0,4400.0,166630.66,43780.0,2023-08-05
000002.SZ,1996-06-11,5.96,2.2179,12.4146,1.15,11.65,11.65,1.4564,1.1424,1.1424,2.1885,2.1885,28822.5136,15673.2816,2800.0,171782.1811,93412.7583,2023-08-05
000036.SZ,1996-06-11,3.08,2.2088,2.6727,0.62,178.514,178.514,1.8189,2.9972,2.9972,0.4132,0.4132,13128.5,3630.0,3000.0,40435.78,11180.4,2023-08-05
000527.SZ,1996-06-11,5.39,2.8319,13.9895,0.59,13.7303,13.7303,1.5908,0.5814,0.5814,4.6833,4.6833,20841.78,11248.38,2277.0,112337.1942,60628.7682,2023-08-05
600878.SH,1996-06-11,8.2,1.3396,2.0094,0.69,20.4458,20.4458,4.4919,3.6872,3.6872,,,10545.3737,2821.728,1881.152,86472.0643,23138.1696,2023-08-05
000040.SZ,1996-06-11,4.91,1.8183,6.3755,0.63,13.1852,13.1852,1.5982,2.6252,2.6252,2.546,2.546,16022.606,7713.838,2200.0,78670.9955,37874.9446,2023-08-05
600844.SH,1996-06-11,10.3,5.1915,8.4363,4.46,26.0466,26.0466,4.3249,4.5781,4.5781,0.8962,,14301.534,1300.0,800.0,147305.8002,13390.0,2023-08-05
000011.SZ,1996-06-11,5.39,1.758,4.1731,0.64,12.3487,12.3487,1.9535,2.5631,2.5631,2.5299,2.5299,49254.4705,8308.3,3500.0,265481.596,44781.737,2023-08-05
000513.SZ,1996-06-11,4.6,3.9178,21.5715,1.13,11.4449,11.4449,1.3961,1.3436,1.3436,6.5217,6.5217,19942.2407,7157.8507,1300.0,91734.3072,32926.1132,2023-08-05
600641.SH,1996-06-11,9.25,1.8142,5.486,0.76,58.3603,58.3603,4.6649,14.9668,14.9668,1.9305,1.9305,16843.68,3024.0,1000.0,155804.04,27972.0,2023-08-05
000533.SZ,1996-06-11,2.7,1.7011,8.4109,0.68,25.0592,25.0592,1.4644,1.1838,1.1838,7.037,7.037,57568.0,20370.56,4120.0,155433.6,55000.512,2023-08-05
600611.SH,1996-06-11,16.7,2.5569,66.48,0.83,27.1311,27.1311,4.2927,6.5752,6.5752,1.3174,,16378.9,1300.0,50.0,273527.63,21710.0,2023-08-05
000037.SZ,1996-06-11,5.38,2.039,2.542,0.66,21.9962,21.9962,1.9726,2.5947,2.5947,4.0385,4.0385,19800.0,1870.0,1500.0,106524.0,10060.6,2023-08-05
000509.SZ,1996-06-11,2.68,2.3642,8.1137,0.59,244.2819,244.2819,1.1028,2.3928,2.3928,7.4627,7.4627,13041.528,7035.288,2050.0,34951.295,18854.5718,2023-08-05
600834.SH,1996-06-11,13.76,1.4117,1.7646,0.57,66.083,66.083,11.5991,34.914,34.914,1.7442,1.7442,18200.0,2400.0,1920.0,250432.0,33024.0,2023-08-05
600801.SH,1996-06-11,5.42,5.8152,7.7536,1.04,28.3042,28.3042,2.59,5.0603,5.0603,,,25140.0,4800.0,3600.0,136258.8,26016.0,2023-08-05
600649.SH,1996-06-11,7.6,22.4422,143.9845,1.4,38.9853,38.9853,4.8181,21.0384,21.0384,2.0243,2.0243,100251.28,12348.336,1924.68,761909.728,93847.3536,2023-08-05
000516.SZ,1996-06-11,8.52,25.2586,35.8927,0.67,152.6656,152.6656,4.0181,16.5258,16.5258,0.826,,6686.13,1857.0289,1306.84,56965.8276,15821.8862,2023-08-05
000597.SZ,1996-06-11,6.71,3.6622,3.6622,0.35,27.7417,27.7417,1.6859,1.2449,1.2449,,,19475.0,5000.0,5000.0,130677.25,33550.0,2023-08-05
000598.SZ,1996-06-11,8.8,9.0409,9.0409,0.41,40.0486,40.0486,8.7859,14.5141,14.5141,,,6500.0,2250.0,2250.0,57200.0,19800.0,2023-08-05
600705.SH,1996-06-11,11.1,6.1188,6.1188,0.7,47.1093,47.1093,3.8892,10.8793,10.8793,,,12860.0,3216.0,3216.0,142746.0,35697.6,2023-08-05
000519.SZ,1996-06-11,3.94,1.9756,3.0428,0.77,76.8402,76.8402,1.7169,2.1154,2.1154,2.5381,2.5381,5914.2591,2272.7191,1475.6,23302.1809,8954.5133,2023-08-05
600639.SH,1996-06-11,14.2,1.5524,4.6759,0.46,65.083,65.083,6.7617,13.42,13.42,2.3239,0.4225,48800.0,7500.0,2490.0,692960.0,106500.0,2023-08-05
600836.SH,1996-06-11,9.0,1.5374,3.1431,1.01,53.7838,53.7838,4.2164,4.3772,4.3772,,,8935.5,2300.0,1125.0,80419.5,20700.0,2023-08-05
000020.SZ,1996-06-11,3.84,2.8721,3.7746,0.77,17.734,17.734,2.2201,2.3068,2.3068,2.6042,2.6042,21233.2989,3259.3,2480.0,81535.8678,12515.712,2023-08-05
000522.SZ,1996-06-11,2.6,0.8563,3.2497,0.69,78.6008,78.6008,1.1523,1.8248,1.8248,,,34031.305,13662.0,3600.0,88481.393,35521.2,2023-08-05
600846.SH,1996-06-11,11.01,1.9131,3.2523,1.11,32.4121,32.4121,3.8032,5.5543,5.5543,0.0,0.0,6924.93,2210.0,1300.0,76243.4793,24332.1,2023-08-05
600856.SH,1996-06-11,3.7,2.7491,4.2337,1.14,18.1003,18.1003,1.6283,0.8336,0.8336,2.808,7.2945,11100.0,4620.0,3000.0,41070.0,17094.0,2023-08-05
600855.SH,1996-06-11,5.53,2.9087,3.8533,1.03,,,3.0735,2.829,2.829,0.5597,,16008.0,5298.9,4000.0,88524.24,29302.917,2023-08-05
000547.SZ,1996-06-11,4.39,7.4502,12.7845,1.44,18.3359,18.3359,2.164,4.7307,4.7307,,4.5558,7931.7929,3432.0,2000.0,34820.5708,15066.48,2023-08-05
000542.SZ,1996-06-11,6.22,3.0074,10.586,0.63,12.0658,12.0658,2.7481,1.4603,1.4603,3.157,,15664.0,6265.6,1780.0,97430.08,38972.032,2023-08-05
000023.SZ,1996-06-11,4.2,1.567,2.4822,0.71,27.3958,27.3958,1.9119,4.8409,4.8409,1.4881,1.4881,10944.0,3643.2,2300.0,45964.8,15301.44,2023-08-05
000017.SZ,1996-06-11,4.38,3.1948,8.9167,0.37,15.3046,16.8235,1.5382,1.3039,1.3793,1.1416,1.1416,47943.3003,7675.2,2750.0,209991.6553,33617.376,2023-08-05
600652.SH,1996-06-11,9.25,4.1475,34938.75,1.28,44.5602,44.5602,3.8326,12.3827,12.3827,,,6739.2,6739.2,0.8,62337.6,62337.6,2023-08-05
600876.SH,1996-06-11,8.29,13.099,16.3738,1.28,23.7241,23.7241,2.9077,6.1187,6.1187,,,70000.0,5000.0,4000.0,580300.0,41450.0,2023-08-05
000506.SZ,1996-06-11,2.28,1.8081,5.7987,0.66,,,1.6055,2.4457,2.4457,,,24910.1743,14431.35,4500.0,56795.1974,32903.478,2023-08-05
000505.SZ,1996-06-11,3.39,1.2048,6.4795,0.61,247.5821,247.5821,1.6856,12.7849,12.7849,4.6172,4.6172,37765.08,11340.5824,2108.64,128023.6212,38444.5743,2023-08-05
600823.SH,1996-06-11,14.6,11.5175,20.4756,0.87,39.5581,39.5581,5.3313,3.4398,3.4398,,,8000.0,2000.0,1125.0,116800.0,29200.0,2023-08-05
600711.SH,1996-06-11,9.0,4.0452,4.0452,0.48,52.3204,52.3204,4.2327,9.7536,9.7536,,,5030.0,1260.0,1260.0,45270.0,11340.0,2023-08-05
600679.SH,1996-06-11,6.15,0.7875,0.9844,1.02,59.5757,59.5757,2.0083,1.2919,1.2919,5.6911,,35175.97,2000.0,1600.0,216332.2155,12300.0,2023-08-05
000599.SZ,1996-06-11,6.48,3.1072,3.1072,0.37,17.6895,17.6895,6.6654,2.6968,2.6968,,,10000.0,3200.0,3200.0,64800.0,20736.0,2023-08-05
600654.SH,1996-06-11,6.82,1.2417,149.0349,0.72,24.2093,24.2093,2.6875,3.1306,3.1306,1.0935,,13939.464,10321.9875,86.0,95067.1445,70395.9548,2023-08-05
600853.SH,1996-06-11,3.5,5.2666,13.1315,1.23,31.2261,31.2261,1.3647,1.2168,1.2168,,,48400.0,14960.0,6000.0,169400.0,52360.0,2023-08-05
600862.SH,1996-06-11,7.53,9.8044,9.8044,3.51,141.0532,141.0532,3.0581,2.6598,2.6598,3.0544,3.0544,6195.9988,2165.55,2165.55,46655.871,16306.5915,2023-08-05
600881.SH,1996-06-11,8.89,3.4372,9.143,0.44,21.6425,21.6425,7.6202,24.8516,24.8516,,,8656.599,3378.599,1270.15,76957.1651,30035.7451,2023-08-05
000026.SZ,1996-06-11,9.45,10.4622,29.425,1.85,15.4182,15.4182,4.4758,3.1196,3.1196,0.3762,2.1164,11542.5,2812.5,1000.0,109076.625,26578.125,2023-08-05
600889.SH,1996-06-11,6.43,2.2472,2.2472,0.49,25.4992,25.4992,4.6624,1.5738,1.5738,,2.7994,9122.8977,2500.0,2500.0,58660.2322,16075.0,2023-08-05
000530.SZ,1996-06-11,7.48,7.6327,15.5585,0.76,24.3623,24.3623,3.2335,2.4342,2.4342,1.1141,,14462.46,5503.68,2700.0,108179.2008,41167.5264,2023-08-05
600660.SH,1996-06-11,7.3,5.2549,28.3588,3.51,29.7712,29.7712,4.1436,5.3513,5.3513,,,19594.2702,6258.1422,1159.64,143038.1725,45684.4381,2023-08-05
600601.SH,1996-06-11,7.3,4.7059,2439.55,3.1,24.8862,24.8862,3.2297,9.6967,9.6967,,,10368.0,10368.0,20.0,75686.4,75686.4,2023-08-05
600897.SH,1996-06-11,13.43,5.8552,5.8552,0.41,23.7424,23.7424,10.8631,16.4322,16.4322,,,10800.0,2700.0,2700.0,145044.0,36261.0,2023-08-05
000524.SZ,1996-06-11,4.59,4.3338,11.2481,1.0,12.023,12.023,1.5636,2.6572,2.6572,5.4466,,14849.0583,5450.4,2100.0,68157.1776,25017.336,2023-08-05
600612.SH,1996-06-11,7.95,1.3455,35.52,0.86,22.9147,22.9147,3.8374,5.5977,5.5977,2.0964,,13841.9424,1320.0,50.0,110043.4421,10494.0,2023-08-05
000557.SZ,1996-06-11,9.8,6.0291,11.3856,5.83,40.1617,40.1617,4.0281,4.8916,4.8916,,,11258.8,5098.8004,2700.0,110336.24,49968.2439,2023-08-05
000008.SZ,1996-06-11,5.32,12.5883,,0.69,1785.3339,1785.3339,1.8633,16.5704,16.5704,,,5665.6312,2714.6592,,30141.158,14441.9869,2023-08-05
600690.SH,1996-06-11,9.4,10.5828,21.1604,0.61,21.804,21.804,4.1634,1.6712,1.6712,2.8642,2.8642,27211.0,9997.5754,5000.0,255783.4,93977.2088,2023-08-05
600691.SH,1996-06-11,7.13,1.4277,2.1956,0.93,137.3769,137.3769,3.1446,7.5092,7.5092,,,6439.54,2768.0,1800.0,45913.9202,19735.84,2023-08-05
000562.SZ,1996-06-11,6.15,16.5368,22.0491,2.43,331.592,331.592,3.3057,7.0058,7.0058,2.168,2.168,20415.0,6000.0,4500.0,125552.25,36900.0,2023-08-05
600633.SH,1996-06-11,7.34,0.7875,2.3625,0.52,54.4183,54.4183,2.6953,1.7343,1.7343,2.0436,,13822.8,1200.0,400.0,101459.352,8808.0,2023-08-05
600622.SH,1996-06-11,6.7,0.9428,49.2125,0.64,23.9458,23.9458,3.0474,3.0255,3.0255,0.0,0.0,21992.0734,4176.0,80.0,147346.8918,27979.2,2023-08-05
600643.SH,1996-06-11,17.0,4.3763,,0.89,19.0819,19.0819,4.5066,3.2618,3.2618,0.7087,,18000.0,9960.0,,306000.0,169320.0,2023-08-05
000546.SZ,1996-06-11,2.68,2.8021,7.0648,1.0,26.0008,26.0008,1.4894,2.1028,2.1028,,,15255.3165,6807.3165,2700.0,40884.2482,18243.6082,2023-08-05
600850.SH,1996-06-11,8.35,1.3904,1.5449,1.47,77.1409,77.1409,4.1343,1.751,1.751,1.4371,,5000.0,1250.0,1125.0,41750.0,10437.5,2023-08-05
000013.SZ,1996-06-11,4.12,5.3953,13.8455,1.6,25.6807,25.6807,1.8361,0.911,0.911,2.0227,2.0227,30335.4979,5132.4002,2000.0,124982.2513,21145.4888,2023-08-05
000006.SZ,1996-06-11,5.59,1.4141,7.6526,0.7,16.7207,16.7207,1.7649,6.8851,6.8851,1.3761,1.3761,13562.0074,8439.4748,1559.468,75811.6214,47176.6641,2023-08-05
000050.SZ,1996-06-11,12.3,3.7136,4.085,0.24,37.5424,37.5424,6.9025,6.7975,6.7975,,1.4043,8305.0,1100.0,1000.0,102151.5,13530.0,2023-08-05
600807.SH,1996-06-11,5.6,3.5171,5.8618,1.41,98.3194,98.3194,2.5122,1.8042,1.8042,,,6918.4,4125.0,2475.0,38743.04,23100.0,2023-08-05
000556.SZ,1996-06-11,3.5,2.5593,7.182,0.67,24.1715,24.1715,1.8062,3.9774,3.9774,0.0,0.0,15073.8259,7015.582,2500.0,52758.3907,24554.537,2023-08-05
600689.SH,1996-06-11,6.9,1.301,1.301,1.17,33.9275,33.9275,2.5105,2.9578,2.9578,3.1884,,9958.83,1000.0,1000.0,68715.927,6900.0,2023-08-05
600703.SH,1996-06-11,9.39,5.385,5.385,0.34,26.6768,26.6768,4.7211,2.7377,2.7377,,,7997.75,2000.0,2000.0,75098.8725,18780.0,2023-08-05
000587.SZ,1996-06-11,11.89,5.3037,5.3037,0.33,24.7511,24.7511,7.7911,3.4764,3.4764,,,8000.0,3000.0,3000.0,95120.0,35670.0,2023-08-05
600833.SH,1996-06-11,10.6,0.7247,1.7392,0.64,47.0783,47.0783,4.8643,4.2756,4.2756,1.1792,,8364.7176,1776.0,740.0,88666.0066,18825.6,2023-08-05
000544.SZ,1996-06-11,6.34,4.5311,9.7267,0.38,55.7873,55.7873,3.4961,2.5224,2.5224,,,22269.4051,8693.9999,4050.0,141188.0283,55119.9594,2023-08-05
000517.SZ,1996-06-11,4.21,3.0452,6.686,0.61,20.9504,20.9504,2.0542,5.1013,5.1013,2.3753,2.3753,8561.6987,2648.0906,1206.0955,36044.7515,11148.4614,2023-08-05
600851.SH,1996-06-11,12.15,1.0455,1.15,0.54,31.6811,31.6811,4.0181,3.9134,3.9134,1.4815,,14117.521,1100.0,1000.0,171527.8802,13365.0,2023-08-05
600672.SH,1996-06-11,4.68,5.9466,9.5146,1.72,,,2.7531,3.4882,3.4882,0.0,,13780.53,8000.0,5000.0,64492.8804,37440.0,2023-08-05
600837.SH,1996-06-11,8.6,0.8425,1.2169,0.87,340.7135,340.7135,3.9183,0.4003,0.4003,,,6524.492,1638.0,1134.0,56110.6312,14086.8,2023-08-05
000016.SZ,1996-06-11,9.18,16.6558,38.3736,3.07,9.7393,9.7393,3.3436,0.7151,0.7151,4.3573,4.3573,28120.9724,6105.375,2650.0,258150.5266,56047.3425,2023-08-05
600697.SH,1996-06-11,4.26,1.9639,3.4165,0.9,18.0993,18.0993,2.1016,1.6536,1.6536,3.7559,3.7559,8608.9688,3479.3,2000.0,36674.2071,14821.818,2023-08-05
600678.SH,1996-06-11,4.8,2.6692,6.406,0.96,40.783,40.783,1.8623,4.9297,4.9297,5.2083,5.2083,23266.0,9600.0,4000.0,111676.8,46080.0,2023-08-05
601607.SH,1996-06-11,7.3,1.638,1.82,1.35,23.0626,23.0626,2.3129,1.2543,1.2543,2.9863,2.6027,5796.66,1500.0,1350.0,42315.618,10950.0,2023-08-05
600812.SH,1996-06-11,5.56,14.5115,55.5284,1.06,18.0297,18.0297,3.6885,3.0609,3.0609,2.7333,2.7333,77222.8759,26785.5886,7000.0,429359.19,148927.8726,2023-08-05
000566.SZ,1996-06-11,5.18,8.5067,21.4368,1.63,21.2593,21.2593,1.6835,6.0187,6.0187,2.8797,2.8797,15329.4691,6300.0,2500.0,79406.6499,32634.0,2023-08-05
000584.SZ,1996-06-11,6.78,3.2701,3.2701,0.41,36.4752,36.4752,1.6921,5.1242,5.1242,,,14142.3133,3536.0,3536.0,95884.8842,23974.08,2023-08-05
600600.SH,1996-06-11,5.4,7.2537,8.0597,0.62,34.6718,34.6718,2.4004,3.3015,3.3015,1.6667,1.6667,90000.0,10000.0,9000.0,486000.0,54000.0,2023-08-05
000030.SZ,1996-06-11,3.35,1.7295,2.7852,0.75,47.9957,47.9957,1.3669,1.8772,1.8772,3.5278,3.5278,28842.0,4026.0,2500.0,96620.7,13487.1,2023-08-05
600640.SH,1996-06-11,13.9,3.023,15.0317,0.59,22.7706,22.7706,5.7529,6.1362,6.1362,2.767,,25517.7,2983.5,600.0,354696.03,41470.65,2023-08-05
600831.SH,1996-06-11,3.75,4.0362,6.582,2.46,,,1.461,0.9024,0.9024,0.0,,11128.67,4634.54,2842.0,41732.5125,17379.525,2023-08-05
600648.SH,1996-06-11,19.8,4.0621,9.9013,1.6,100.5861,100.5861,11.2273,26.0184,26.0184,1.4141,1.4141,61575.0,1950.0,800.0,1219185.0,38610.0,2023-08-05
000055.SZ,1996-06-11,6.95,3.2678,3.2678,0.52,24.9792,24.9792,4.7064,7.977,7.977,,,15000.0,1800.0,1800.0,104250.0,12510.0,2023-08-05
600621.SH,1996-06-11,10.6,3.8,134.3667,0.53,32.8002,32.8002,4.6655,4.0354,4.0354,0.0,0.0,8997.9597,2121.6,60.0,95378.3728,22488.96,2023-08-05
000538.SZ,1996-06-11,3.95,2.5467,4.5756,0.61,25.1924,25.1924,2.2055,5.6085,5.6085,1.2055,1.2055,11212.328,3234.0,1800.0,44288.6956,12774.3,2023-08-05
600854.SH,1996-06-11,17.95,12.199,13.5544,1.04,9.9565,9.9565,4.4205,1.1986,1.1986,7.2423,,12000.0,3000.0,2700.0,215400.0,53850.0,2023-08-05
600839.SH,1996-06-11,22.98,12.1091,37.4575,0.68,10.0922,10.0922,3.8049,1.7168,1.7168,0.211,0.211,50536.4865,15458.5082,4997.37,1161328.4598,355236.5184,2023-08-05
600811.SH,1996-06-11,7.03,11.3499,20.4297,1.46,28.2898,28.2898,3.1904,9.4401,9.4401,0.0,,18900.0,13500.0,7500.0,132867.0,94905.0,2023-08-05
600692.SH,1996-06-11,8.95,1.8667,3.4667,0.52,47.1865,47.1865,5.9298,11.4813,11.4813,0.6651,0.6651,8426.6112,1680.0,904.6,75418.1702,15036.0,2023-08-05
600821.SH,1996-06-11,5.2,5.4621,8.1932,1.03,15.7864,15.7864,2.8286,0.601,0.601,3.0769,4.0385,14199.7949,6061.7565,4041.171,73838.9335,31521.1338,2023-08-05
600675.SH,1996-06-11,13.55,2.2722,4.6802,1.27,36.4673,36.4673,4.4238,11.4834,11.4834,,,14153.742,2711.88,1316.6,191783.2041,36745.974,2023-08-05
600822.SH,1996-06-11,7.6,1.0009,1.2953,1.18,165.2495,165.2495,4.4072,1.6829,1.6829,1.1124,1.1124,20885.975,1100.0,850.0,158733.41,8360.0,2023-08-05
600707.SH,1996-06-11,6.83,3.9883,3.9883,0.41,23.1165,23.1165,3.6691,2.5806,2.5806,,,30000.0,9208.0,9208.0,204900.0,62890.64,2023-08-05
600708.SH,1996-06-11,14.85,7.5505,7.5505,,44.8335,44.8335,8.7596,6.144,6.144,,,12392.44,3250.0,3250.0,184027.734,48262.5,2023-08-05
600888.SH,1996-06-11,9.2,3.761,3.761,0.77,29.0273,29.0273,7.5808,2.2655,2.2655,,,7953.0,2025.0,2025.0,73167.6,18630.0,2023-08-05
600706.SH,1996-06-11,12.0,3.3005,3.3005,0.48,39.93,39.93,5.9817,3.0174,3.0174,,,5182.89,1356.15,1356.15,62194.68,16273.8,2023-08-05
600714.SH,1996-06-11,8.35,3.136,3.136,,45.8427,45.8427,11.2686,5.4826,5.4826,,,7500.0,2000.0,2000.0,62625.0,16700.0,2023-08-05
600688.SH,1996-06-11,4.54,7.5703,21.8024,0.66,13982.065,13982.065,2.8292,2.4654,2.4654,2.7533,2.7533,655000.0,72000.0,25000.0,2973700.0,326880.0,2023-08-05
000591.SZ,1996-06-11,5.15,3.558,,0.34,,,,,,,,6337.93,2000.0,,32640.3395,10300.0,2023-08-05
000048.SZ,1996-06-11,15.14,5.1005,6.1772,0.85,40.8654,40.8654,4.4467,1.8486,1.8486,1.7338,1.7338,8280.0,2180.0,1800.0,125359.2,33005.2,2023-08-05
000046.SZ,1996-06-11,4.84,1.5312,5.7892,0.71,25.7736,25.7736,1.7777,2.29,2.29,0.8098,,10347.87,4915.2383,1300.0,50083.6908,23789.7534,2023-08-05
000548.SZ,1996-06-11,2.95,2.16,3.4638,0.8,59.0906,59.0906,1.3505,1.5242,1.5242,3.3898,3.3898,22354.4653,9525.6406,5940.0,65945.6726,28100.6398,2023-08-05
000503.SZ,1996-06-11,2.44,2.1936,,0.95,,,1.3189,3.7042,3.7042,,,20134.5409,6979.9515,,49128.2798,17031.0817,2023-08-05
000523.SZ,1996-06-11,4.45,3.0971,10.8265,0.65,16.1779,16.1779,2.0914,1.2259,1.2259,3.0644,3.0644,17375.0473,7131.2076,2040.0,77318.9605,31733.8738,2023-08-05
000045.SZ,1996-06-11,4.8,2.0622,2.9315,0.6,32.3686,32.3686,1.6493,2.3796,2.3796,0.947,0.947,13618.0,1848.0,1300.0,65366.4,8870.4,2023-08-05
600815.SH,1996-06-11,6.13,3.0954,5.4892,1.24,22.9256,22.9256,2.551,2.4186,2.4186,2.0034,2.0034,23968.728,6384.0,3600.0,146928.3026,39133.92,2023-08-05
000567.SZ,1996-06-11,2.73,2.0846,5.6033,0.66,,,1.1685,2.1022,2.1022,1.3004,1.3004,10080.0,4032.0,1500.0,27518.4,11007.36,2023-08-05
600817.SH,1996-06-11,7.92,2.0913,4.0257,2.3,149.0776,149.0776,5.3011,5.1886,5.1886,,,8251.7982,1124.2,584.0,65354.2417,8903.664,2023-08-05
600632.SH,1996-06-11,11.1,6.002,15.5171,1.34,27.8807,27.8807,2.5017,1.0449,1.0449,1.8,,17657.5275,4395.0,1700.0,195998.5553,48784.5,2023-08-05
600631.SH,1996-06-11,14.45,13.0748,40.7935,1.52,32.9587,32.9587,3.6697,1.378,1.378,0.58,,23788.679,5740.8,1840.0,343746.4116,82954.56,2023-08-05
600874.SH,1996-06-11,4.36,3.0954,5.0481,0.75,35.5334,35.5334,2.6103,1.9269,1.9269,,,133000.0,11249.5,6898.0,579880.0,49047.82,2023-08-05
000014.SZ,1996-06-11,4.34,2.2928,10.368,0.54,27.7718,27.7718,1.617,0.726,0.726,1.8433,1.8433,8964.675,4522.0351,1000.0,38906.6895,19625.6323,2023-08-05
000588.SZ,1996-06-11,8.8,8.667,8.667,0.55,20.5563,20.5563,3.0409,1.3075,1.3075,,1.2279,13432.0,2300.0,2300.0,118201.6,20240.0,2023-08-05
000565.SZ,1996-06-11,3.65,2.1777,6.0276,0.94,40.9486,40.9486,2.4292,0.8925,0.8925,0.0,,8660.1225,4013.49,1450.0,31609.4471,14649.2385,2023-08-05
600842.SH,1996-06-11,7.61,0.7716,0.9431,1.27,24.2733,24.2733,2.5837,1.3579,1.3579,2.39,,5500.0,1375.0,1125.0,41855.0,10463.75,2023-08-05
000526.SZ,1996-06-11,6.82,15.0878,26.759,1.71,57.9049,57.9049,3.0752,29.0851,29.0851,0.0,,5785.0,2075.06,1170.0,39453.7,14151.9092,2023-08-05
000525.SZ,1996-06-11,3.29,3.1204,4.7985,0.72,564.0715,564.0715,1.9497,1.3295,1.3295,0.0,,7463.4766,3075.6,2000.0,24554.838,10118.724,2023-08-05
600847.SH,1996-06-11,5.7,1.4348,2.5826,1.24,83.5905,83.5905,2.3282,2.5596,2.5596,,4.386,6200.0,2790.0,1550.0,35340.0,15903.0,2023-08-05
600898.SH,1996-06-11,7.95,8.5772,8.5772,2.05,30.0203,30.0203,3.5256,0.5925,0.5925,,,10348.01,5149.0,5149.0,82266.6795,40934.55,2023-08-05
000534.SZ,1996-06-11,3.77,1.5693,4.413,0.63,21.981,21.981,1.238,11.7245,11.7245,2.4114,2.4114,17211.68,7291.68,2593.0,64888.0336,27489.6336,2023-08-05
600630.SH,1996-06-11,6.05,1.4493,3.2608,1.08,186.5073,186.5073,3.6409,2.4715,2.4715,0.9917,0.9917,22525.524,2700.0,1200.0,136279.4202,16335.0,2023-08-05
600602.SH,1996-06-11,4.95,8.342,2180.2701,0.92,22.2158,22.2158,2.5544,0.9779,0.9779,,,53108.7876,13352.8824,51.09,262888.4986,66096.7679,2023-08-05
000010.SZ,1996-06-11,6.1,5.2727,5.2727,1.45,28.0265,28.0265,3.018,1.8229,1.8229,,,5236.6608,1699.8928,1699.8928,31943.6309,10369.3461,2023-08-05
600880.SH,1996-06-11,11.36,4.2108,4.2108,0.49,26.9479,26.9479,4.8366,5.4623,5.4623,1.8486,1.8486,5000.0,1300.0,1300.0,56800.0,14768.0,2023-08-05
000507.SZ,1996-06-11,2.77,1.6135,6.0352,0.73,33.0204,33.0204,0.8058,7.4318,7.4318,4.3321,4.3321,34499.742,19555.802,5228.3,95564.2853,54169.5715,2023-08-05
000564.SZ,1996-06-11,4.95,6.3033,24.8513,1.0,23.6618,23.6618,2.3703,1.175,1.175,1.4422,1.4422,13471.1644,8508.1358,2158.0,66682.2638,42115.2722,2023-08-05
600810.SH,1996-06-11,5.73,3.0206,4.0275,1.05,21.5968,21.5968,2.0523,2.7732,2.7732,3.4904,3.4904,26400.0,6600.0,4950.0,151272.0,37818.0,2023-08-05
600603.SH,1996-06-11,10.39,1.1354,43.6,0.51,36.555,36.555,3.2658,13.7928,13.7928,,,7680.0,7680.0,200.0,79795.2,79795.2,2023-08-05
600884.SH,1996-06-11,11.05,4.1141,4.9369,0.4,16.1405,16.1405,7.2191,2.3981,2.3981,,2.2624,6084.0,1560.0,1300.0,67228.2,17238.0,2023-08-05
600868.SH,1996-06-11,8.56,8.0547,33.8298,0.82,16.4945,16.4945,2.7762,4.3406,4.3406,0.2781,0.8344,10626.0,6762.0,1610.0,90958.56,57882.72,2023-08-05
000514.SZ,1996-06-11,4.04,1.8582,3.4339,0.62,39.3963,39.3963,2.6352,8.6931,8.6931,0.0,,9041.76,3326.4,1800.0,36528.7104,13438.656,2023-08-05
600693.SH,1996-06-11,6.06,2.5723,3.9921,1.25,19.8269,19.8269,2.5129,1.5661,1.5661,3.3003,,9231.38,3749.55,2416.0,55942.1628,22722.273,2023-08-05
600859.SH,1996-06-11,9.18,12.8563,23.482,1.32,20.0839,20.0839,1.8618,1.041,1.041,2.9328,,18376.9369,9132.5,5000.0,168700.2807,83836.35,2023-08-05
600704.SH,1996-06-11,9.38,8.5497,8.5497,,25.1786,25.1786,4.6085,0.7794,0.7794,,,11830.32,3000.0,3000.0,110968.4016,28140.0,2023-08-05
000511.SZ,1996-06-11,4.05,3.086,11.4348,0.68,57.9607,57.9607,1.4604,1.0273,1.0273,0.0,,10823.4125,5743.4488,1550.0,43834.8206,23260.9676,2023-08-05
000552.SZ,1996-06-11,2.67,1.1071,1.4706,0.64,96.6637,96.6637,1.4583,1.5259,1.5259,1.3619,1.3619,14822.5,5566.0,4190.0,39576.075,14861.22,2023-08-05
600885.SH,1996-06-11,7.65,8.8156,8.8156,2.46,39.1319,39.1319,3.8487,2.5749,2.5749,,,7132.26,1800.0,1800.0,54561.789,13770.0,2023-08-05
600609.SH,1996-06-11,3.57,10.4822,293.501,1.8,,,2.261,1.5586,1.5586,0.0,,97181.13,28000.0,1000.0,346936.6341,99960.0,2023-08-05
000027.SZ,1996-06-11,4.55,1.9505,2.5961,0.54,12.2673,12.2673,1.9267,1.3431,1.3431,1.998,1.998,38720.0,11047.3,8300.0,176176.0,50265.215,2023-08-05
600805.SH,1996-06-11,9.66,1.7305,4.4341,0.31,30.2441,30.2441,4.0948,1.7682,1.7682,0.0,1.5926,16188.25,4355.91,1700.0,156378.495,42078.0906,2023-08-05
600682.SH,1996-06-11,4.88,1.9769,,0.96,17.5332,17.5332,1.95,0.7548,0.7548,4.7131,,15494.07,6630.0,,75611.0616,32354.4,2023-08-05
600683.SH,1996-06-11,6.1,2.3052,6.6025,0.48,29.08,29.08,2.2754,1.2837,1.2837,2.5221,,19925.3729,6873.9758,2400.0,121544.7747,41931.2524,2023-08-05
000536.SZ,1996-06-11,3.88,3.6079,5.0904,0.69,73.7329,73.7329,2.0628,1.1586,1.1586,4.6392,4.6392,11000.0,4259.5805,3019.0,42680.0,16527.1723,2023-08-05
600635.SH,1996-06-11,12.71,1.0924,6.76,0.35,26.378,26.378,3.6285,12.8396,12.8396,1.124,3.1696,8353.8,3712.8,600.0,106176.798,47189.688,2023-08-05
600824.SH,1996-06-11,9.3,1.5386,2.3079,0.66,24.1693,24.1693,2.9716,1.7832,1.7832,1.7921,1.7921,7550.16,1905.0,1270.0,70216.488,17716.5,2023-08-05
600861.SH,1996-06-11,7.24,7.035,9.2862,0.71,15.47,15.47,1.9322,1.0574,1.0574,3.0387,1.6575,19000.0,6600.0,5000.0,137560.0,47784.0,2023-08-05
600637.SH,1996-06-11,6.5,3.7809,9.3578,0.69,140.937,140.937,3.511,0.9829,0.9829,,,55934.9362,5025.24,2030.4,363577.0853,32664.06,2023-08-05
600804.SH,1996-06-11,3.81,5.2179,7.5137,2.27,39.0255,39.0255,1.6261,1.5784,1.5784,1.7498,,11661.12,7195.68,4997.0,44428.8672,27415.5408,2023-08-05
600886.SH,1996-06-11,14.25,6.8569,10.2854,0.6,18.1005,18.1005,10.6223,5.8495,5.8495,,1.4035,8749.8704,3332.8256,2221.8837,124685.6532,47492.7648,2023-08-05
000541.SZ,1996-06-11,10.97,4.3469,12.515,0.69,11.9065,11.9065,1.9733,4.1347,4.1347,5.8463,12.045,18390.8036,5556.6,1930.0,201747.1155,60955.902,2023-08-05
000582.SZ,1996-06-11,5.9,3.224,3.224,0.5,20.0459,20.0459,2.2351,8.6983,8.6983,,2.7735,7274.3,2000.0,2000.0,42918.37,11800.0,2023-08-05
600840.SH,1996-06-11,4.33,2.3526,6.9166,1.41,28.7366,28.7366,2.711,2.0287,2.0287,1.6496,3.9591,8469.78,3901.26,1326.96,36674.1474,16892.4558,2023-08-05
000001.SZ,1996-06-11,14.98,11.255,303.4287,1.33,35.6165,35.6165,7.9254,15.8101,15.8101,0.8336,0.8336,103456.4728,71442.2956,2650.0,1549777.9625,1070205.5881,2023-08-05
000515.SZ,1996-06-11,4.35,12.0996,,2.58,198.1528,198.1528,3.395,18.2498,18.2498,0.0,,13000.52,5544.0,,56552.262,24116.4,2023-08-05
000589.SZ,1996-06-11,4.85,2.2306,2.2306,0.51,18.79,18.79,4.3928,0.8424,0.8424,,,11855.0,3600.0,3600.0,57496.75,17460.0,2023-08-05
600644.SH,1996-06-11,6.58,4.4718,10.7323,0.75,25.2497,25.2497,2.8553,4.6775,4.6775,1.8237,1.8237,6974.0,3120.0,1300.0,45888.92,20529.6,2023-08-05
000031.SZ,1996-06-11,6.69,3.2468,4.7144,0.59,17.3743,17.3743,2.0493,4.7,4.7,0.9965,0.9965,26400.0,7260.0,5000.0,176616.0,48569.4,2023-08-05
000047.SZ,1996-06-11,5.99,1.1898,2.1417,0.61,24.7893,24.7893,2.6297,4.5453,4.5453,1.2366,1.2366,9450.0,2160.0,1200.0,56605.5,12938.4,2023-08-05
000560.SZ,1996-06-11,3.09,1.2768,2.6557,0.73,23.1766,23.1766,1.5758,0.9597,0.9597,4.9788,4.9788,13440.0,6240.0,3000.0,41529.6,19281.6,2023-08-05
600607.SH,1996-06-11,5.85,0.8192,16.6182,0.73,25.7893,25.7893,3.1505,1.963,1.963,2.6298,2.0513,10493.796,2231.4552,110.0,61388.7066,13054.0129,2023-08-05
000015.SZ,1996-06-11,5.12,18.9505,41.4742,0.96,,,2.2918,6.7574,6.7574,0.0,,15721.342,2626.26,1200.0,80493.271,13446.4512,2023-08-05
600800.SH,1996-06-11,7.2,8.9762,9.9736,1.37,18.7544,18.7544,2.8291,5.7035,5.7035,2.7778,3.4722,7293.3469,2610.0,2349.0,52512.0977,18792.0,2023-08-05
600870.SH,1996-06-11,18.3,6.9914,9.0888,0.55,25.2302,25.2302,4.2614,1.1396,1.1396,,,5375.0,1625.0,1250.0,98362.5,29737.5,2023-08-05
600681.SH,1996-06-11,4.19,3.7305,7.4685,1.34,130.6996,130.6996,1.5774,4.8479,4.8479,1.0699,1.9052,11957.9328,5405.4,2700.0,50103.7384,22648.626,2023-08-05
600618.SH,1996-06-11,9.2,3.3501,58.6008,0.67,38.7394,38.7394,3.2739,3.7306,3.7306,1.6304,1.6304,96238.27,2300.2,131.5,885392.084,21161.84,2023-08-05
600613.SH,1996-06-11,10.2,1.43,17.16,0.34,45.1372,45.1372,3.1541,4.6781,4.6781,1.5686,1.5686,9724.96,600.0,50.0,99194.592,6120.0,2023-08-05
600828.SH,1996-06-11,7.1,2.9298,3.2553,1.08,16.001,16.001,2.8981,0.8286,0.8286,4.2254,4.3662,8550.0,2150.0,1935.0,60705.0,15265.0,2023-08-05
000555.SZ,1996-06-11,3.2,1.505,1.8394,0.49,,,1.9701,6.1736,6.1736,1.1364,1.1364,8182.7678,2200.0,1800.0,26184.857,7040.0,2023-08-05
000570.SZ,1996-06-11,11.7,9.2649,21.6181,0.71,14.7215,14.7215,8.1174,1.3544,1.3544,0.6105,2.8897,25200.0,6300.0,2700.0,294840.0,73710.0,2023-08-05
600634.SH,1996-06-11,6.68,1.4396,6.03,1.14,29.4216,29.4216,2.6123,2.4684,2.4684,1.6331,,5505.5493,2513.28,600.0,36777.0693,16788.7104,2023-08-05
600867.SH,1996-06-11,11.33,5.5944,17.4544,0.68,19.2325,19.2325,5.1629,6.1702,6.1702,0.0,,11556.0198,5616.0,1800.0,130929.7043,63629.28,2023-08-05
000554.SZ,1996-06-11,3.09,5.5631,18.5436,1.14,18.362,18.362,1.2194,1.2321,1.2321,,,25438.8,15600.0,4680.0,78605.892,48204.0,2023-08-05
000012.SZ,1996-06-11,6.93,3.4382,12.4894,0.53,16.9745,16.9745,2.3506,3.1897,3.1897,1.11,1.11,32986.9062,6175.2603,1700.0,228599.26,42794.5539,2023-08-05
600882.SH,1996-06-11,6.92,3.2844,3.2844,0.84,32.4935,32.4935,4.2841,2.697,2.697,,,11520.17,4950.0,4950.0,79719.5764,34254.0,2023-08-05
000039.SZ,1996-06-11,13.34,29.9867,62.1325,2.09,14.8761,14.8761,4.4984,0.8751,0.8751,1.6475,3.3774,15460.2,2486.4,1200.0,206239.068,33168.576,2023-08-05
000532.SZ,1996-06-11,2.83,1.146,3.213,0.53,,,0.9006,3.989,3.989,8.8339,8.8339,21839.22,6925.2489,2470.0,61804.9926,19598.4544,2023-08-05
600638.SH,1996-06-11,13.8,3.4904,20.9425,0.42,33.7896,33.7896,5.1599,7.0696,7.0696,0.4529,0.4529,25129.6884,3806.7097,634.45,346789.6999,52532.5939,2023-08-05
000022.SZ,1996-06-11,7.28,12.4994,15.8118,1.6,22.3335,22.3335,3.0188,6.3796,6.3796,,,38151.7,5060.0,4000.0,277744.376,36836.8,2023-08-05
000558.SZ,1996-06-11,3.77,1.4083,3.2285,0.54,31.3176,31.3176,1.5584,2.0964,2.0964,1.6141,1.6141,10651.3067,4584.9,2000.0,40155.4263,17285.073,2023-08-05
600662.SH,1996-06-11,12.58,1.6406,9.1694,0.55,40.0906,40.0906,5.3495,8.0937,8.0937,,1.0368,9687.6,4024.08,720.0,121870.008,50622.9264,2023-08-05
600636.SH,1996-06-11,7.05,1.3559,3.2542,0.82,100.1179,100.1179,3.543,2.6847,2.6847,0.9929,,7440.0,2880.0,1200.0,52452.0,20304.0,2023-08-05
600875.SH,1996-06-11,8.14,6.3317,6.3317,1.13,39.9969,39.9969,3.1295,6.2494,6.2494,,1.4742,45000.0,6000.0,6000.0,366300.0,48840.0,2023-08-05
600866.SH,1996-06-11,7.55,1.9241,5.4698,0.6,27.0221,27.0221,3.1876,1.5803,1.5803,0.883,,7253.96,3582.0,1260.0,54767.398,27044.1,2023-08-05
600860.SH,1996-06-11,4.58,4.4852,6.4074,1.08,20.7789,20.7789,1.9749,4.9164,4.9164,2.4017,0.8734,40000.0,5000.0,3500.0,183200.0,22900.0,2023-08-05
600620.SH,1996-06-11,8.4,0.9193,35.7333,0.81,36.0428,36.0428,2.9053,6.0681,6.0681,,,7732.4562,2332.2,60.0,64952.6321,19590.48,2023-08-05
000021.SZ,1996-06-11,14.6,5.5498,11.1995,1.14,32.7555,32.7555,8.0997,2.4248,2.4248,0.2026,0.7903,26552.7348,4172.1875,2067.5,387669.9281,60913.9375,2023-08-05
600896.SH,1996-06-11,6.9,3.2986,3.2986,0.73,49.4848,49.4848,6.672,7.8989,7.8989,,,16670.0,4170.0,4170.0,115023.0,28773.0,2023-08-05
600895.SH,1996-06-11,21.1,3.2747,3.2747,0.49,68.9814,68.9814,17.5859,23.2708,23.2708,,,10000.0,2250.0,2250.0,211000.0,47475.0,2023-08-05
600627.SH,1996-06-11,4.4,2.0725,5.285,0.93,95.4924,95.4924,2.8564,1.559,1.559,2.27,,51796.5449,5100.0,2000.0,227904.7976,22440.0,2023-08-05
600687.SH,1996-06-11,8.33,2.7218,4.2314,1.08,40.5849,40.5849,5.3145,11.0232,11.0232,0.0,,5937.14,2028.84,1305.0,49456.3762,16900.2372,2023-08-05
000592.SZ,1996-06-11,5.6,4.7491,4.7491,0.92,27.4212,27.4212,3.6624,7.0917,7.0917,,,15000.0,3460.0,3460.0,84000.0,19376.0,2023-08-05
600673.SH,1996-06-11,4.08,4.6027,10.5861,1.22,50.2763,50.2763,1.6746,2.52,2.52,3.6765,,10072.22,4140.0,1800.0,41094.6576,16891.2,2023-08-05
600835.SH,1996-06-11,11.4,2.3306,3.4958,1.07,22.7257,22.7257,3.4733,1.9451,1.9451,2.9971,,32838.108,2160.0,1440.0,374354.4312,24624.0,2023-08-05
000518.SZ,1996-06-11,2.89,5.3296,8.0904,1.14,,,1.8497,6.5328,6.5328,0.8329,0.8329,13374.24,7590.0,5000.0,38651.5536,21935.1,2023-08-05
000561.SZ,1996-06-11,3.84,3.2075,7.8784,0.65,10.4907,10.4907,1.6522,0.7285,0.7285,1.3021,,22514.04,12281.04,5000.0,86453.9136,47159.1936,2023-08-05
600852.SH,1996-06-11,11.9,4.1876,6.3916,0.53,30.3782,30.3782,4.6793,2.7672,2.7672,,,10953.9068,2900.0,1900.0,130351.4909,34510.0,2023-08-05
000572.SZ,1996-06-11,4.05,7.8011,20.8492,3.53,,,1.8435,,,,,16607.2704,6681.454,2500.0,67259.4451,27059.8887,2023-08-05
600608.SH,1996-06-11,4.87,2.9619,155.8125,2.69,35.7015,35.7015,2.7492,3.1447,3.1447,1.6427,1.6427,8447.0595,4208.49,80.0,41137.1798,20495.3463,2023-08-05
600669.SH,1996-06-11,3.52,2.3037,5.0681,1.24,152.9562,152.9562,2.7737,4.9227,4.9227,,,13228.9,8470.0,3850.0,46565.728,29814.4,2023-08-05
000510.SZ,1996-06-11,3.48,3.715,,0.81,12.8657,12.8657,1.7765,1.4223,1.4223,,,17114.9814,10634.7414,,59560.1353,37008.9001,2023-08-05
600685.SH,1996-06-11,4.65,8.0264,10.3502,0.69,18.1095,18.1095,1.7467,1.2546,1.2546,3.4409,3.4409,49467.758,12647.95,9808.26,230025.0747,58812.9675,2023-08-05
600818.SH,1996-06-11,5.76,1.3777,1.7221,1.17,118.357,118.357,2.3978,1.6501,1.6501,2.4306,,23100.82,1300.0,1040.0,133060.7232,7488.0,2023-08-05
600820.SH,1996-06-11,11.36,0.8596,1.5044,0.43,36.8191,36.8191,4.5728,1.598,1.598,0.6288,0.6288,11805.738,2800.0,1600.0,134113.1837,31808.0,2023-08-05
600700.SH,1996-06-11,6.93,2.4589,2.4589,0.69,30.2395,30.2395,4.1788,0.7523,0.7523,,,5105.0,1980.6,1980.6,35377.65,13725.558,2023-08-05
600651.SH,1996-06-11,6.78,1.0997,2083.308,0.97,89.4383,89.4383,3.4513,5.7956,5.7956,,,6240.0,6240.0,3.2938,42307.2,42307.2,2023-08-05
600808.SH,1996-06-11,3.05,14.8903,21.7906,1.6,455.7456,455.7456,1.8636,3.1673,3.1673,1.3115,1.3115,645530.0,60000.0,41000.0,1968866.5,183000.0,2023-08-05
600616.SH,1996-06-11,10.18,4.2375,135.9041,1.43,43.2914,43.2914,5.0972,1.8751,1.8751,1.1291,,7261.4092,2341.2326,73.0,73921.1457,23833.7479,2023-08-05
000038.SZ,1996-06-11,8.09,9.1967,11.036,1.62,33.3945,33.3945,3.7442,3.2315,3.2315,4.0791,4.0791,6840.0,1200.0,1000.0,55335.6,9708.0,2023-08-05
000537.SZ,1996-06-11,3.1,2.2096,3.3263,0.71,20.7631,20.7631,1.6368,1.0497,1.0497,5.1613,5.1613,13797.098,5028.078,3340.0,42771.0038,15587.0418,2023-08-05
600879.SH,1996-06-11,8.01,1.9184,1.9184,0.6,39.2836,39.2836,4.1852,3.8029,3.8029,,,5124.8895,2500.0,2500.0,41050.3649,20025.0,2023-08-05
000568.SZ,1996-06-11,18.0,3.1074,6.7327,1.09,14.4461,14.4461,6.0637,4.2523,4.2523,2.4217,,16941.6,4266.6,1969.2,304948.8,76798.8,2023-08-05
000583.SZ,1996-06-11,7.32,7.6436,7.6436,0.59,70.6798,70.6798,3.0613,7.1175,7.1175,,,6294.5938,2500.0,2500.0,46076.4266,18300.0,2023-08-05
000576.SZ,1996-06-11,11.13,4.0319,7.106,0.36,15.1072,15.1072,2.0536,2.1305,2.1305,2.419,2.419,8811.4396,3524.898,2000.0,98071.3227,39232.1147,2023-08-05
000019.SZ,1996-06-11,4.13,7.1044,11.3706,0.96,158.5201,158.5201,2.5486,2.1382,2.1382,0.5044,,13892.3072,2560.8,1600.0,57375.2287,10576.104,2023-08-05
600677.SH,1996-06-11,8.05,13.7668,37.7182,15.65,36.8119,36.8119,5.3851,1.3335,1.3335,1.9111,1.9111,13309.4,5330.0,1945.4,107140.67,42906.5,2023-08-05
600813.SH,1996-06-11,3.88,3.2561,6.4862,0.88,622.1407,622.1407,2.1529,3.2838,3.2838,,,25800.0,9960.0,5000.0,100104.0,38644.8,2023-08-05
600623.SH,1996-06-11,7.95,5.4452,70.7875,1.62,812.0218,812.0218,3.0166,1.8871,1.8871,1.2579,1.2579,80860.702,2080.0,160.0,642842.5809,16536.0,2023-08-05
000034.SZ,1996-06-11,3.56,2.2949,3.3965,0.61,70.953,70.953,1.26,1.29,1.29,2.5536,2.5536,21758.0,5920.2,4000.0,77458.48,21075.912,2023-08-05
600658.SH,1996-06-11,5.1,1.5778,4.8204,0.78,22.8325,22.8325,1.8983,2.1551,2.1551,0.0,,11134.8744,6021.6,1971.0,56787.8594,30710.16,2023-08-05
000573.SZ,1996-06-11,15.09,12.0606,53.7239,0.64,26.8972,26.8972,2.9232,5.3271,5.3271,0.4158,,15949.98,8018.0629,1800.0,240685.1982,120992.5692,2023-08-05
600665.SH,1996-06-11,3.56,3.2218,6.7657,1.52,31.2977,31.2977,2.232,2.6699,2.6699,2.809,1.5449,48006.8067,7350.0,3500.0,170904.2319,26166.0,2023-08-05
000600.SZ,1996-06-11,9.02,17.028,17.028,,49.7506,49.7506,6.6206,4.6179,4.6179,,,5915.6,1500.0,1500.0,53358.712,13530.0,2023-08-05
000033.SZ,1996-06-11,3.54,2.6176,4.0834,0.62,34.0012,34.0012,1.8596,6.1257,6.1257,2.8249,2.8249,27402.237,5460.0,3500.0,97003.919,19328.4,2023-08-05
600825.SH,1996-06-11,7.88,1.036,1.3929,0.84,46.1415,46.1415,3.0789,1.4704,1.4704,2.8317,2.8317,6050.0,1512.5,1125.0,47674.0,11918.5,2023-08-05
000529.SZ,1996-06-11,5.48,3.0356,15.2188,0.63,10.3566,10.3566,1.3595,1.6146,1.6146,4.1546,4.1546,27589.5235,12784.2,2550.0,151190.5888,70057.416,2023-08-05
600628.SH,1996-06-11,14.72,1.8076,11.9475,0.5,68.3408,68.3408,4.6096,4.1576,4.1576,,,7950.696,2643.84,400.0,117034.2451,38917.3248,2023-08-05
600841.SH,1996-06-11,9.7,4.8139,7.2208,1.57,25.3665,25.3665,3.06,3.732,3.732,3.6942,,39530.928,2160.0,1440.0,383450.0016,20952.0,2023-08-05
000501.SZ,1996-06-11,4.3,1.8634,,0.7,13.3803,13.3803,1.2221,0.6892,0.6892,9.3023,9.3023,25207.2539,8570.3846,,108391.1918,36852.6538,2023-08-05
000539.SZ,1996-06-11,7.31,2.4031,5.3825,0.28,16.2631,16.2631,2.0939,3.9924,3.9924,8.2079,8.2079,82545.0,9855.0,4400.0,603403.95,72040.05,2023-08-05
600863.SH,1996-06-11,5.62,2.7596,3.0662,0.6,28.6263,28.6263,2.7867,6.4879,6.4879,2.4911,,41200.0,5000.0,4500.0,231544.0,28100.0,2023-08-05
600864.SH,1996-06-11,6.25,1.5596,1.7156,0.73,25.954,25.954,2.6556,8.4216,8.4216,1.6,1.6,9483.1,2750.0,2500.0,59269.375,17187.5,2023-08-05
600701.SH,1996-06-11,8.35,8.8583,8.8583,0.41,46.5514,46.5514,6.8991,6.1513,6.1513,,,13000.0,3000.0,3000.0,108550.0,25050.0,2023-08-05
600667.SH,1996-06-11,3.95,21.6944,31.8184,6.01,25.489,25.489,1.8367,2.2859,2.2859,2.7618,2.7618,25528.8528,9240.0,6300.0,100838.9686,36498.0,2023-08-05
600606.SH,1996-06-11,5.56,1.6841,36.97,1.32,125.1494,125.1494,2.9327,1.3443,1.3443,,,8673.4072,2195.208,100.0,48224.144,12205.3565,2023-08-05
000540.SZ,1996-06-11,5.21,1.7747,2.6715,0.74,25.3532,25.3532,2.5467,4.314,4.314,0.4113,0.4113,8106.0064,2799.8401,1860.0,42232.2933,14587.1669,2023-08-05
000593.SZ,1996-06-11,9.45,10.0608,10.0608,0.59,26.3671,26.3671,3.362,1.6825,1.6825,,,5000.002,1300.0,1300.0,47250.0189,12285.0,2023-08-05
600877.SH,1996-06-11,11.8,5.2961,10.5921,0.52,15.7481,15.7481,5.9579,1.045,1.045,,2.3305,41206.16,10400.0,5200.0,486232.688,122720.0,2023-08-05
600845.SH,1996-06-11,6.15,2.8894,3.9729,1.58,,,2.7108,3.1501,3.1501,0.5913,,26224.407,1320.0,960.0,161280.1031,8118.0,2023-08-05
000535.SZ,1996-06-11,3.48,2.601,10.6783,0.54,21.2916,21.2916,1.7535,2.561,2.561,2.6129,2.6129,25226.9352,12316.4606,3000.0,87789.7345,42861.2829,2023-08-05
000590.SZ,1996-06-11,7.9,3.7807,3.7807,0.43,35.2403,35.2403,7.2567,5.0508,5.0508,,,6000.0,1500.0,1500.0,47400.0,11850.0,2023-08-05
600696.SH,1996-06-11,5.43,4.2221,9.6134,2.26,26.8939,26.8939,2.7733,11.3071,11.3071,2.4862,2.4862,26197.35,7349.84,3228.0,142251.6105,39909.6312,2023-08-05
600663.SH,1996-06-11,26.68,8.3597,14.6294,0.63,33.4576,33.4576,9.7412,25.6782,25.6782,1.4618,,73300.0,6300.0,3600.0,1955644.0,168084.0,2023-08-05
600830.SH,1996-06-11,6.78,2.7828,6.6386,1.96,29.039,29.039,3.0641,1.3325,1.3325,,1.3408,8923.2,3029.664,1270.0,60499.296,20541.1219,2023-08-05
600674.SH,1996-06-11,3.36,2.2735,4.6835,1.08,80.4768,80.4768,1.6319,2.1578,2.1578,0.0,,19948.7843,7992.8,3880.0,67027.9152,26855.808,2023-08-05
000007.SZ,1996-06-11,3.7,3.2259,,0.92,48.3626,48.3626,1.0612,4.74,4.74,5.4054,5.4054,7363.7778,4080.0494,,27245.9779,15096.1828,2023-08-05
600655.SH,1996-06-11,15.62,0.9361,25.7255,0.64,37.2474,37.2474,3.9957,1.7611,1.7611,1.6005,,20090.2389,3702.7692,134.73,313809.5316,57837.2549,2023-08-05
600858.SH,1996-06-11,9.05,9.3089,13.3118,1.18,71.3549,71.3549,4.3302,115.2545,115.2545,1.3862,1.3862,7584.17,4247.1,2970.0,68636.7385,38436.255,2023-08-05
600605.SH,1996-06-11,5.19,2.297,45.94,1.11,205.1352,205.1352,3.1728,3.1168,3.1168,0.0,,17516.0,2000.0,100.0,90908.04,10380.0,2023-08-05
600664.SH,1996-06-11,5.29,7.7289,7.7289,0.98,12.2375,12.2375,2.0003,0.6563,0.6563,2.8355,2.8355,25264.0,11700.0,11700.0,133646.56,61893.0,2023-08-05
600857.SH,1996-06-11,6.88,1.7685,3.043,1.08,32.7975,32.7975,2.0649,1.3592,1.3592,2.3653,,6955.0,2322.814,1350.0,47850.4,15980.9603,2023-08-05
600626.SH,1996-06-11,5.46,1.8971,3.6425,1.58,67.2533,67.2533,3.1423,0.6412,0.6412,1.8315,,18307.536,2304.0,1200.0,99959.1466,12579.84,2023-08-05
600865.SH,1996-06-11,6.66,4.1385,8.5,0.77,18.6944,18.6944,2.2244,0.9979,0.9979,1.0966,4.5045,14018.0,5134.68,2500.0,93359.88,34196.9688,2023-08-05
600642.SH,1996-06-11,8.51,16.2836,61.0634,0.73,40.2581,40.2581,5.6713,174.4248,174.4248,1.8801,,240273.67,8964.0,2390.4,2044728.9317,76283.64,2023-08-05
600843.SH,1996-06-11,7.9,1.1067,1.3833,0.33,348.3398,348.3398,2.4364,2.9937,2.9937,2.1519,,19420.49,1200.0,960.0,153421.871,9480.0,2023-08-05
600659.SH,1996-06-11,4.85,5.2145,7.2811,4.31,67.2633,67.2633,3.0571,1.5006,1.5006,1.6495,1.6495,10322.7245,2652.98,1900.0,50065.2138,12866.953,2023-08-05
600686.SH,1996-06-11,7.38,3.3934,7.541,1.11,18.4445,18.4445,3.0394,1.2992,1.2992,2.3713,,8417.644,3200.0,1440.0,62122.2127,23616.0,2023-08-05
000024.SZ,1996-06-11,7.88,9.619,17.141,2.93,17.3971,17.3971,3.3381,2.3266,2.3266,1.3844,1.3844,27720.0,3564.0,2000.0,218433.6,28084.32,2023-08-05
600894.SH,1996-06-11,5.86,9.8987,9.8987,1.53,21.3446,21.3446,2.141,1.0985,1.0985,,,40000.0,6000.0,6000.0,234400.0,35160.0,2023-08-05
600827.SH,1996-06-11,7.9,0.9063,1.4943,0.85,31.3059,31.3059,2.4844,1.6446,1.6446,1.1507,,11220.0,1324.026,803.05,88638.0,10459.8054,2023-08-05
600829.SH,1996-06-11,5.05,1.3971,1.7076,0.91,43.4389,43.4389,1.3508,2.087,2.087,1.8002,,10923.0,2750.0,2250.0,55161.15,13887.5,2023-08-05
600871.SH,1996-06-11,4.62,6.5336,6.5336,0.5,17.5503,17.5503,2.2093,1.9866,1.9866,0.7143,0.7143,400000.0,20000.0,20000.0,1848000.0,92400.0,2023-08-05
000032.SZ,1996-06-11,4.3,3.0534,4.4336,0.66,37.2928,37.2928,2.152,1.854,1.854,1.4799,1.4799,13081.2,3630.0003,2500.0,56249.16,15609.0013,2023-08-05
000042.SZ,1996-06-11,18.6,5.4056,12.8777,0.48,14.9978,14.9978,4.2339,5.306,5.306,0.5037,,10697.0,3097.0,1300.0,198964.2,57604.2,2023-08-05
600803.SH,1996-06-11,5.35,12.2741,19.884,2.32,38.1265,38.1265,2.2201,4.7249,4.7249,0.0,,6290.2,3240.0,2000.0,33652.57,17334.0,2023-08-05
000528.SZ,1996-06-11,3.18,3.3253,7.652,0.99,24.5475,24.5475,1.4111,1.5465,1.5465,,,30155.2799,10355.2799,4500.0,95893.7901,32929.7901,2023-08-05
000005.SZ,1996-06-11,4.56,2.9758,,0.57,17.7867,17.7867,1.8981,4.1986,4.1986,,,23100.0,10953.3784,,105336.0,49947.4055,2023-08-05
600883.SH,1996-06-11,6.48,1.9233,1.9233,0.71,65.7241,65.7241,5.1336,12.9138,12.9138,,,6800.0,1800.0,1800.0,44064.0,11664.0,2023-08-05
000009.SZ,1996-06-11,4.71,4.0865,,0.33,28.1979,28.1979,2.1937,5.8032,5.8032,1.3698,1.3698,91315.24,55210.08,,430094.7804,260039.4768,2023-08-05
600604.SH,1996-06-11,4.14,2.5653,39.5052,1.59,117.2364,117.2364,2.008,4.2538,4.2538,,,51495.3809,5882.8,382.0,213190.8769,24354.792,2023-08-05
600619.SH,1996-06-11,11.68,3.3815,54.95,1.14,28.9227,28.9227,5.4932,4.3122,4.3122,,,27088.638,1300.0,80.0,316395.2918,15184.0,2023-08-05
600802.SH,1996-06-11,4.36,2.1494,2.627,1.21,21.0359,21.0359,2.2386,2.4219,2.4219,29.8165,,20658.0,5830.0,4770.0,90068.88,25418.8,2023-08-05
000543.SZ,1996-06-11,5.91,7.2593,10.4857,0.63,13.4125,13.4125,2.7134,3.3083,3.3083,6.7682,6.7682,55500.0,9100.0,6300.0,328005.0,53781.0,2023-08-05
000594.SZ,1996-06-11,9.02,16.1863,16.1863,0.68,73.8301,73.8301,6.7997,8.5485,8.5485,,,9446.4,1820.0,1820.0,85206.528,16416.4,2023-08-05
600646.SH,1996-06-11,6.69,1.2201,4.06,1.65,175.3551,175.3551,3.3748,40.8261,40.8261,0.7412,0.7412,7873.3787,1331.0,400.0,52672.9035,8904.39,2023-08-05
000502.SZ,1996-06-11,3.63,1.9898,8.5203,0.68,38.0491,38.0491,1.6512,1.5675,1.5675,0.0,,14825.5727,5443.7149,1271.3098,53816.8289,19760.6851,2023-08-05
000531.SZ,1996-06-11,3.76,4.3551,13.3062,1.24,24.3248,24.3248,2.208,14.9129,14.9129,2.0998,,19242.1872,6446.6316,2110.0,72350.6239,24239.3348,2023-08-05
600656.SH,1996-06-11,7.24,3.957,302.7038,0.79,22.9869,22.9869,4.1535,1.7468,1.7468,1.3812,1.3812,7768.2038,3443.2428,45.011,56241.7955,24929.0779,2023-08-05
600670.SH,1996-06-11,3.36,3.9618,8.3624,1.48,71.7334,71.7334,1.3556,1.0179,1.0179,0.9588,0.9588,14033.3684,7809.7983,3700.0,47152.1178,26240.9223,2023-08-05
000004.SZ,1996-06-11,6.16,6.7657,56.368,1.81,,,2.1815,0.8037,0.8037,0.8855,0.8855,8397.6684,4165.7228,500.0,51729.6373,25660.8524,2023-08-05
600887.SH,1996-06-11,9.31,6.35,6.35,0.93,28.9408,28.9408,9.4114,2.2333,2.2333,,,5016.3429,1800.0,1800.0,46702.1524,16758.0,2023-08-05
000559.SZ,1996-06-11,6.43,1.4945,1.8267,0.38,19.4137,19.4137,3.3498,3.3747,3.3747,2.8277,2.8277,11990.0976,3300.0,2700.0,77096.3276,21219.0,2023-08-05
000586.SZ,1996-06-11,9.0,12.7456,25.4911,0.94,25.9295,25.9295,4.5528,1.14,1.14,,,13800.0,3600.0,1800.0,124200.0,32400.0,2023-08-05
001872.SZ,1996-06-11,7.28,12.4994,15.8118,1.6,22.3335,22.3335,3.0188,6.3796,6.3796,2.706,,38151.7,5060.0,4000.0,277744.376,36836.8,2023-08-05
001914.SZ,1996-06-11,5.41,2.4162,3.8144,0.75,15.8776,15.8776,1.6574,2.2363,2.2363,2.8437,2.8437,11830.0,2636.4,1670.0,64000.3,14262.924,2023-08-05
